place_id,place_name,about,link
ChIJBzFesyFb0i0RhIzFAVTEb3c,BALI HELITOUR,All,https://lh5.googleusercontent.com/p/AF1QipOzy8d1CyDjeACfmJsZagMdg8W57EM6i3O_xa9y=w298-h298-k-no
ChIJBzFesyFb0i0RhIzFAVTEb3c,BALI HELITOUR,Helicopter,https://lh5.googleusercontent.com/p/AF1QipPDxs4_PyXAq1i4HKw-se4Fbl1iEpUeJaFIfVx6=w224-h336-k-no
ChIJBzFesyFb0i0RhIzFAVTEb3c,BALI HELITOUR,Videos,https://lh5.googleusercontent.com/p/AF1QipMhmWJUBvsEoMH1jufgMQcBN23ftox47dRl7d6C=w224-h398-k-no
ChIJBzFesyFb0i0RhIzFAVTEb3c,BALI HELITOUR,By owner,https://lh5.googleusercontent.com/p/AF1QipM14VvJJgFsOOMHVsvwaLEqNWm3i1kXpEp8PeBb=w529-h298-k-no
ChIJBzFesyFb0i0RhIzFAVTEb3c,BALI HELITOUR,Street View & 360deg,https://streetviewpixels-pa.googleapis.com/v1/thumbnail?panoid=LnsoQiCkHvHeoGMqLyjT5A&cb_client=maps_sv.tactile.gps&w=224&h=298&yaw=166.80405&pitch=0&thumbfov=100
ChIJ14CrqGJD0i0RiLYCqHQJ0XA,Bali hire driver,All,https://lh5.googleusercontent.com/p/AF1QipONAmwUms74UOiVNgjWqGkhUFO5XX_RJjIxXrY=w224-h298-k-no
ChIJ14CrqGJD0i0RiLYCqHQJ0XA,Bali hire driver,Street View & 360deg,https://streetviewpixels-pa.googleapis.com/v1/thumbnail?panoid=oHcj3dCuwPlvHqto0yW1JQ&cb_client=maps_sv.tactile.gps&w=224&h=298&yaw=179.17226&pitch=0&thumbfov=100
ChIJq95xT4I30i0RaU3j93Diq8o,Tanah Lot,All,https://lh5.googleusercontent.com/p/AF1QipM1Cbt4b8cpwOTywlzau--b3MGjXAT_x1BU4reE=w395-h298-k-no
ChIJq95xT4I30i0RaU3j93Diq8o,Tanah Lot,Latest,https://lh5.googleusercontent.com/p/AF1QipNA7heABoQnacRSov7eTVbKMvMbMBSk4_PI4sg=w662-h298-k-no
ChIJq95xT4I30i0RaU3j93Diq8o,Tanah Lot,Videos,https://lh5.googleusercontent.com/p/AF1QipNS15jHPXxEL8SA39e1cQrgdJSCvdntEN0-trPN=w529-h298-k-no
ChIJq95xT4I30i0RaU3j93Diq8o,Tanah Lot,By owner,https://lh5.googleusercontent.com/p/AF1QipNw7PKZ-BNNVYhNSqBd3usXixABJ_0cSq8aWd0K=w417-h298-k-no
ChIJq95xT4I30i0RaU3j93Diq8o,Tanah Lot,Street View & 360deg,https://lh5.googleusercontent.com/p/AF1QipMEHjYbQb65j6NG-i01TLjOep5ArjM0K6-rwP17=w224-h298-k-no-pi-5.4019294-ya181.80064-ro-0-fo100
ChIJx97hVM9E0i0RUVpPBj5miBk,Garuda Wisnu Kencana Cultural Park,All,https://lh5.googleusercontent.com/p/AF1QipPpnUz7YPpiAd-wXAj0j_aFCwL5Cd7dOnRpaWvO=w397-h298-k-no
ChIJx97hVM9E0i0RUVpPBj5miBk,Garuda Wisnu Kencana Cultural Park,Latest,https://lh5.googleusercontent.com/p/AF1QipMVwQhSN7lwBuHGq2ufRync5n_Evt3xyrN7usYv=w224-h298-k-no
ChIJx97hVM9E0i0RUVpPBj5miBk,Garuda Wisnu Kencana Cultural Park,Videos,https://lh5.googleusercontent.com/p/AF1QipNTmMuDFiAy5dF9dsSXkjJJb9HhDQd5MSBxssNr=w529-h298-k-no
ChIJx97hVM9E0i0RUVpPBj5miBk,Garuda Wisnu Kencana Cultural Park,Plaza Garuda - GWK Cultural Park,https://lh5.googleusercontent.com/p/AF1QipNoNTOF9wfu_X4CohgeN1mVlCrwox3BAd_ieBcT=w224-h298-k-no
ChIJx97hVM9E0i0RUVpPBj5miBk,Garuda Wisnu Kencana Cultural Park,Plaza Wisnu,https://lh5.googleusercontent.com/p/AF1QipMHly2dIf_v_69oOcheBIwi6MldGbdoTOTD7op6=w224-h298-k-no
ChIJx97hVM9E0i0RUVpPBj5miBk,Garuda Wisnu Kencana Cultural Park,Patung Garuda Wisnu Kencana,https://lh5.googleusercontent.com/p/AF1QipO1CgV9Vt_JWe_3sEkanUIU_V5tondvk52rgE_c=w397-h298-k-no
ChIJx97hVM9E0i0RUVpPBj5miBk,Garuda Wisnu Kencana Cultural Park,GWK Lotus Pond,https://lh5.googleusercontent.com/p/AF1QipNoe2sD1ow690Lw2x64prD6N3YbE5j65yfrXGr0=w447-h298-k-no
ChIJx97hVM9E0i0RUVpPBj5miBk,Garuda Wisnu Kencana Cultural Park,GWK Festival Park,https://lh5.googleusercontent.com/p/AF1QipONu8buRlSnH4UdoUB7iknD-EpXR_UwShbFy8g=w447-h298-k-no
ChIJx97hVM9E0i0RUVpPBj5miBk,Garuda Wisnu Kencana Cultural Park,Jendela Bali The Panoramic Resto,https://lh5.googleusercontent.com/p/AF1QipMwsq3wR3HBRZJxxr4_K6jjh7qmxMeQeYMblok1=w529-h298-k-no
ChIJx97hVM9E0i0RUVpPBj5miBk,Garuda Wisnu Kencana Cultural Park,Recreation,https://lh5.googleusercontent.com/p/AF1QipPAqOEIzPnmgqH6Aqdci0V_4s5UskYOHggiPBuf=w596-h298-k-no
ChIJx97hVM9E0i0RUVpPBj5miBk,Garuda Wisnu Kencana Cultural Park,By owner,https://lh5.googleusercontent.com/p/AF1QipO9i63jat_RId9_PN2gJ9UmCBqwVgH0JV4TlnMP=w441-h298-k-no
ChIJx97hVM9E0i0RUVpPBj5miBk,Garuda Wisnu Kencana Cultural Park,Street View & 360deg,https://lh5.googleusercontent.com/p/AF1QipOivrp25kivBWoH2AfOtX-qosmnldB6_z-lhcUC=w224-h298-k-no-pi-10.803859-ya304.27393-ro-0-fo100
ChIJZ5sY9kM90i0RVsPvSxZD7LY,Sacred Monkey Forest Sanctuary,All,https://lh5.googleusercontent.com/p/AF1QipM3URNZSQkVC8H3gJmu0NdFzvO3vQx82BL21pO3=w224-h398-k-no
ChIJZ5sY9kM90i0RVsPvSxZD7LY,Sacred Monkey Forest Sanctuary,Latest,https://lh5.googleusercontent.com/p/AF1QipOiSKpL7FKMgOaIoaRPEBlV9ysW1QQJWlIW96TG=w224-h298-k-no
ChIJZ5sY9kM90i0RVsPvSxZD7LY,Sacred Monkey Forest Sanctuary,Videos,https://lh5.googleusercontent.com/p/AF1QipN1OaGbdva58VL-S_2XMQL0gZK94AJ6qiZ4B2dI=w529-h298-k-no
ChIJZ5sY9kM90i0RVsPvSxZD7LY,Sacred Monkey Forest Sanctuary,Lobby Monkey Forest Ubud,https://lh5.googleusercontent.com/p/AF1QipM2_8Y9xiaElo4uPsK5y-40CroSTyTY2OOi1Xmc=w447-h298-k-no
ChIJZ5sY9kM90i0RVsPvSxZD7LY,Sacred Monkey Forest Sanctuary,Green Cafetaria Monkey Forest Ubud,https://lh5.googleusercontent.com/p/AF1QipMjXHoMSglQznEfiKORCg-47VTg0aXJ3-MXS5d5=w529-h298-k-no
ChIJZ5sY9kM90i0RVsPvSxZD7LY,Sacred Monkey Forest Sanctuary,Pura Dalem Agung Padangtegal,https://lh5.googleusercontent.com/p/AF1QipOEhPMTlbeAvfVXj-aMHEr9Lw43EMuVuKYOExV5=w397-h298-k-no
ChIJZ5sY9kM90i0RVsPvSxZD7LY,Sacred Monkey Forest Sanctuary,By owner,https://lh5.googleusercontent.com/p/AF1QipPQq8w4Rwx7SKdYVKZgF_kbThP7rI5Hj1qCwf56=w459-h298-k-no
ChIJZ5sY9kM90i0RVsPvSxZD7LY,Sacred Monkey Forest Sanctuary,Street View & 360deg,https://lh5.googleusercontent.com/p/AF1QipNMao1WCHDsJCBBg2U-gtYEZIf3__K60RNcszZh=w224-h298-k-no-pi-17.10611-ya110.65915-ro-0-fo100
ChIJVwisn2yJ0S0RUxvb5GhlJBg,Ulun Danu Beratan Temple,All,https://lh5.googleusercontent.com/p/AF1QipO5Fkoef45k7C5lJr-L9qlroYsgxgV4gdJ8LYhT=w397-h298-k-no
ChIJVwisn2yJ0S0RUxvb5GhlJBg,Ulun Danu Beratan Temple,Latest,https://lh5.googleusercontent.com/p/AF1QipN41957uzWJ9GDTd8ifxsSvKfVtXzJ4fiUYlxHl=w224-h398-k-no
ChIJVwisn2yJ0S0RUxvb5GhlJBg,Ulun Danu Beratan Temple,Videos,https://lh5.googleusercontent.com/p/AF1QipOWp4f5h0nGhKVBqJWW_zzkkmsSVoBrG7ajJSxC=w529-h298-k-no
ChIJVwisn2yJ0S0RUxvb5GhlJBg,Ulun Danu Beratan Temple,By owner,https://lh5.googleusercontent.com/p/AF1QipNBOh-UrWeqLTGLRRIEp4pIBw33-zvyqYtDOx3Z=w447-h298-k-no
ChIJVwisn2yJ0S0RUxvb5GhlJBg,Ulun Danu Beratan Temple,Street View & 360deg,https://lh5.googleusercontent.com/p/AF1QipMqaY6dgMqrod9lKy_actSSag0FNpIAcv6rTOI5=w224-h298-k-no-pi-21.838648-ya36.91933-ro-0-fo100
ChIJqfTkrG4Z0i0RGTQM35oWGTM,Penglipuran Village,All,https://lh5.googleusercontent.com/p/AF1QipPOdPRF8lNTE1TW_1jLYFFbGvV6_Cfhiylia9bN=w530-h298-k-no
ChIJqfTkrG4Z0i0RGTQM35oWGTM,Penglipuran Village,Latest,https://lh5.googleusercontent.com/p/AF1QipOXD-S6r20qpWmP9O0l6oUu51t0tDM9omWTRC1P=w447-h298-k-no
ChIJqfTkrG4Z0i0RGTQM35oWGTM,Penglipuran Village,Videos,https://lh5.googleusercontent.com/p/AF1QipPKhJV0abpGo2br4FyZPECn94jI_TecSbSubmp4=w525-h298-k-no
ChIJqfTkrG4Z0i0RGTQM35oWGTM,Penglipuran Village,Nasi lemak,https://lh5.googleusercontent.com/p/AF1QipNc9ywJqzRT5oLz6AJWVcoQBp1q00FGngwxNBA3=w395-h298-k-no
ChIJqfTkrG4Z0i0RGTQM35oWGTM,Penglipuran Village,By owner,https://lh5.googleusercontent.com/p/AF1QipPOdPRF8lNTE1TW_1jLYFFbGvV6_Cfhiylia9bN=w530-h298-k-no
ChIJqfTkrG4Z0i0RGTQM35oWGTM,Penglipuran Village,Street View & 360deg,https://lh5.googleusercontent.com/p/AF1QipP5dRmqKNI-uR4I0F6Z950UZaobjylI4c3wiwmC=w224-h298-k-no-pi-10-ya140-ro-0-fo100
ChIJ0Zo39DZH0i0R0acI0bADr2U,Tirta Gangga,All,https://lh5.googleusercontent.com/p/AF1QipNbuxolMOyGwiS7cgHSFTyaBuk6auq6PCHnsI7X=w397-h298-k-no
ChIJ0Zo39DZH0i0R0acI0bADr2U,Tirta Gangga,Latest,https://lh5.googleusercontent.com/p/AF1QipMgjp1Qoj-uyZPgYqS8nG1Z42PdaX6OMvTzLV_I=w224-h398-k-no
ChIJ0Zo39DZH0i0R0acI0bADr2U,Tirta Gangga,Videos,https://lh5.googleusercontent.com/p/AF1QipMaVPB8MqmkEFba3kGftvqsotqZESg86qj0Yor1=w529-h298-k-no
ChIJ0Zo39DZH0i0R0acI0bADr2U,Tirta Gangga,By owner,https://lh5.googleusercontent.com/p/AF1QipMru8muGDvmpLeQiVMsu8o7CxvvVgXAXeQAPZ2F=w529-h298-k-no
ChIJ0Zo39DZH0i0R0acI0bADr2U,Tirta Gangga,Street View & 360deg,https://lh5.googleusercontent.com/p/AF1QipOGAx6hcL_6TXodU-FeKPwnGagUUT2HWiT7flTu=w224-h298-k-no-pi0-ya265-ro-0-fo100
ChIJ5ZiPtys90i0RUok0dF7Lh9w,Bali Swing,All,https://lh5.googleusercontent.com/p/AF1QipOTSq3DsiBsjL-dtaChUB7K0v0yzimREHyZJilL=w224-h298-k-no
ChIJ5ZiPtys90i0RUok0dF7Lh9w,Bali Swing,Latest,https://lh5.googleusercontent.com/p/AF1QipMweAfRTPmkX_FNfwq3hbX7uwt2Zu1p47EHJJ8x=w397-h298-k-no
ChIJ5ZiPtys90i0RUok0dF7Lh9w,Bali Swing,Videos,https://lh5.googleusercontent.com/p/AF1QipPxHUcFjSyCxDqs0AiXInd72t8HYMnA8_GNxY75=w529-h298-k-no
ChIJ5ZiPtys90i0RUok0dF7Lh9w,Bali Swing,Jungle,https://lh5.googleusercontent.com/p/AF1QipNNBTdBCD9HA_c1ZDto2JX35bkzbQIx8N4jo8rF=w397-h298-k-no
ChIJ5ZiPtys90i0RUok0dF7Lh9w,Bali Swing,By owner,https://lh5.googleusercontent.com/p/AF1QipMl-veI9OV3J_y5VuYiCP831t_sqsI-yDNCYcf1=w529-h298-k-no
ChIJ5ZiPtys90i0RUok0dF7Lh9w,Bali Swing,Street View & 360deg,https://lh5.googleusercontent.com/p/AF1QipP78Sdfl1Sf2d9v4neeJtpSsMiC6Fiy45JI9CdO=w224-h298-k-no-pi-0-ya99.000015-ro-0-fo100
ChIJD0zF-k4-0i0RLDhW9qwgiV8,Bali Bird Park,All,https://lh5.googleusercontent.com/p/AF1QipN5I0jH_tg0ivOZCfi5M0B-DqIt5hIJYfQsosTk=w447-h298-k-no
ChIJD0zF-k4-0i0RLDhW9qwgiV8,Bali Bird Park,Latest,https://lh5.googleusercontent.com/p/AF1QipMH4_Xptw1qV5yuwVUBC4jtykGa-68Az0Ti8lIW=w529-h298-k-no
ChIJD0zF-k4-0i0RLDhW9qwgiV8,Bali Bird Park,Videos,https://lh5.googleusercontent.com/p/AF1QipMtv_Q-4Pi_dD01juvgJhT1fev1Gq-pPRllEksl=w529-h298-k-no
ChIJD0zF-k4-0i0RLDhW9qwgiV8,Bali Bird Park,By owner,https://lh5.googleusercontent.com/p/AF1QipOE3AzDnnyZXGlFUfy6wSGwbugeoNHp6IcleCXa=w238-h298-k-no
ChIJD0zF-k4-0i0RLDhW9qwgiV8,Bali Bird Park,Street View & 360deg,https://streetviewpixels-pa.googleapis.com/v1/thumbnail?panoid=FF2gso_Q0x75tD8FpQnbOQ&cb_client=maps_sv.tactile.gps&w=224&h=298&yaw=143.43863&pitch=0&thumbfov=100
ChIJE4Bi4H4i0i0R83X6AGpQQ_Q,Alas Harum Bali,All,https://lh5.googleusercontent.com/p/AF1QipPDZ4yKhRYPHMXvZVMwjP4dsnpf7IMiA1WemcPc=w447-h298-k-no
ChIJE4Bi4H4i0i0R83X6AGpQQ_Q,Alas Harum Bali,Latest,https://lh5.googleusercontent.com/p/AF1QipPKBkWiXjUnFvdGm-BGEkhQhuwmZroTKgKpzPGZ=w224-h398-k-no
ChIJE4Bi4H4i0i0R83X6AGpQQ_Q,Alas Harum Bali,Videos,https://lh5.googleusercontent.com/p/AF1QipPlPHmIUWaTVKhImW27bwgCuqlnDxYd16jFkhZJ=w529-h298-k-no
ChIJE4Bi4H4i0i0R83X6AGpQQ_Q,Alas Harum Bali,Juice,https://lh5.googleusercontent.com/p/AF1QipN8mz2xnlw3xj5ns_tzlXbFmVOpVHPL_brSTj8Z=w224-h298-k-no
ChIJE4Bi4H4i0i0R83X6AGpQQ_Q,Alas Harum Bali,By owner,https://lh5.googleusercontent.com/p/AF1QipPycCj40V9ipDMybuFRQP_yEZjh3ITUaXOL9AvZ=w237-h298-k-no
ChIJE4Bi4H4i0i0R83X6AGpQQ_Q,Alas Harum Bali,Street View & 360deg,https://lh5.googleusercontent.com/p/AF1QipNb7kGZOn8b1Yl4pFeu2DvufVi4t1ZVKr-qt7DB=w224-h298-k-no-pi0-ya280-ro-0-fo100
ChIJ-9cMAqsn0i0RmoPm81-HDy8,Jatiluwih Rice Terraces,All,https://lh5.googleusercontent.com/p/AF1QipPnEKMG3gDDXniGdx0JmDmK2Whz_NzHgGArWkH0=w397-h298-k-no
ChIJ-9cMAqsn0i0RmoPm81-HDy8,Jatiluwih Rice Terraces,Latest,https://lh5.googleusercontent.com/p/AF1QipPWv7J8mYyBE4OQFBSRPe_nXoMmp9uDurHnT4t1=w529-h298-k-no
ChIJ-9cMAqsn0i0RmoPm81-HDy8,Jatiluwih Rice Terraces,Videos,https://lh5.googleusercontent.com/p/AF1QipNGK0UDl2VGV4rLGBQMZO_xXNKpTs83tPGR46Mw=w529-h298-k-no
ChIJ-9cMAqsn0i0RmoPm81-HDy8,Jatiluwih Rice Terraces,Mountain,https://lh5.googleusercontent.com/p/AF1QipMdwxduIv5LJ8QVz1jb6z94JQczW7HGbbWOBw1k=w298-h298-k-no
ChIJ-9cMAqsn0i0RmoPm81-HDy8,Jatiluwih Rice Terraces,By owner,https://lh5.googleusercontent.com/p/AF1QipNQfcLYg7r44qdDIt9oLn08xORS50912AcStBKM=w397-h298-k-no
ChIJ-9cMAqsn0i0RmoPm81-HDy8,Jatiluwih Rice Terraces,Street View & 360deg,https://lh5.googleusercontent.com/p/AF1QipOnXvDd-QvZTKMCC-AZ6ec1ZgK-veiuDSW49XGo=w224-h298-k-no-pi-10-ya138.00002-ro-0-fo100
ChIJwwCS2XFA0i0RwGKRquRfi2s,Big Garden Corner,All,https://lh5.googleusercontent.com/p/AF1QipPRCGt42XGfiP2AlUony_MkOkr5X_ZyZLDtfS29=w397-h298-k-no
ChIJwwCS2XFA0i0RwGKRquRfi2s,Big Garden Corner,Latest,https://lh5.googleusercontent.com/p/AF1QipOlEmkIbqswU_TmNgRX6dLfceIbkjA-Dt7DXCIc=w224-h497-k-no
ChIJwwCS2XFA0i0RwGKRquRfi2s,Big Garden Corner,Videos,https://lh5.googleusercontent.com/p/AF1QipOa80Qd2sTGsuDMeAUHLIhbqZ_tgbqP5EePM029=w529-h298-k-no
ChIJwwCS2XFA0i0RwGKRquRfi2s,Big Garden Corner,Street View & 360deg,https://lh5.googleusercontent.com/p/AF1QipOLlRp3PnRh3NCeDAnrLfnlLksvDQrmORH3W0aL=w224-h298-k-no-pi0-ya280-ro-0-fo100
ChIJL1XuIURB0i0RNRhRbMMJMLI,Upside Down World Bali,All,https://lh5.googleusercontent.com/p/AF1QipPZhRSX52xCUBHl-rghkFg7PZ5W3K7AJq00f_0V=w447-h298-k-no
ChIJL1XuIURB0i0RNRhRbMMJMLI,Upside Down World Bali,Latest,https://lh5.googleusercontent.com/p/AF1QipPnCtnMJ37nyqa-nSmA74p5kFdAij0E-DpDe7Tf=w397-h298-k-no
ChIJL1XuIURB0i0RNRhRbMMJMLI,Upside Down World Bali,Videos,https://lh5.googleusercontent.com/p/AF1QipOV7ERiK0ZNfOgKgs5NZER7hRJshHd_Ls1TkT39=w529-h298-k-no
ChIJL1XuIURB0i0RNRhRbMMJMLI,Upside Down World Bali,By owner,https://lh5.googleusercontent.com/p/AF1QipPZhRSX52xCUBHl-rghkFg7PZ5W3K7AJq00f_0V=w447-h298-k-no
ChIJL1XuIURB0i0RNRhRbMMJMLI,Upside Down World Bali,Street View & 360deg,https://lh5.googleusercontent.com/p/AF1QipO_-FSviFmgX9_opD-HS7SRJ0Y0fUwo5tx78KDk=w224-h298-k-no-pi0-ya355.38586-ro-0-fo100
ChIJZ6RQfWVD0S0RstBUppm878Y,West Bali National Park,All,https://lh5.googleusercontent.com/p/AF1QipMU8DAs_fqXS06Zg2uZsbNx275cs6spY2nRovH5=w476-h298-k-no
ChIJZ6RQfWVD0S0RstBUppm878Y,West Bali National Park,Latest,https://lh5.googleusercontent.com/p/AF1QipNQ90Qq2Rjd0bQ-Yv4vVzwarg3DcNewWjJXU7XS=w224-h298-k-no
ChIJZ6RQfWVD0S0RstBUppm878Y,West Bali National Park,Videos,https://lh5.googleusercontent.com/p/AF1QipOHk2_TJPI5i_-2F2YwYSXM1QVPW3TiJW2Kp6sz=w529-h298-k-no
ChIJZ6RQfWVD0S0RstBUppm878Y,West Bali National Park,Pura Segara Rupek,https://lh5.googleusercontent.com/p/AF1QipOq65u-cvm6ACsT4GmV44WBM6hxE0kh_TcXoHWB=w224-h398-k-no
ChIJZ6RQfWVD0S0RstBUppm878Y,West Bali National Park,Pura Dhang Kahyangan Prapat Agung Temple,https://lh5.googleusercontent.com/p/AF1QipO_8L44yd3lrizMX7pLHCBrjONfNJ-0hHHXpP83=w224-h298-k-no
ChIJZ6RQfWVD0S0RstBUppm878Y,West Bali National Park,Mountain,https://lh5.googleusercontent.com/p/AF1QipOhcWPKKLxQIfPhIVFW0iDd0NTVIuIGyzNLi312=w529-h298-k-no
ChIJZ6RQfWVD0S0RstBUppm878Y,West Bali National Park,Street View & 360deg,https://lh5.googleusercontent.com/p/AF1QipMuXGIei0CheINVZzwcq8tJbX7JNR-LFUFea3QU=w224-h298-k-no-pi-20-ya220-ro0-fo100
ChIJQ6ocSKAb0i0RP1CIrkak0ws,Tukad Cepung Waterfall,All,https://lh5.googleusercontent.com/p/AF1QipNe6TFDZzHDjONupzKSSVu4kPGVoxvHGSb0D3nD=w337-h298-k-no
ChIJQ6ocSKAb0i0RP1CIrkak0ws,Tukad Cepung Waterfall,Latest,https://lh5.googleusercontent.com/p/AF1QipMj9hvvmi4452J0cEorfX97QkE3r46TAJ4qimNc=w224-h298-k-no
ChIJQ6ocSKAb0i0RP1CIrkak0ws,Tukad Cepung Waterfall,Videos,https://lh5.googleusercontent.com/p/AF1QipMAyxk6Ws2Br8YswehgvscWwYcyoEOBTmw-9VUF=w224-h397-k-no
ChIJQ6ocSKAb0i0RP1CIrkak0ws,Tukad Cepung Waterfall,By owner,https://lh5.googleusercontent.com/p/AF1QipMEWeuMDzjGEhSYNQSne8DCKzQdmW1sgyXDkme0=w239-h298-k-no
ChIJQ6ocSKAb0i0RP1CIrkak0ws,Tukad Cepung Waterfall,Street View & 360deg,https://lh5.googleusercontent.com/p/AF1QipN49c5lZMsXJESQ9dOPpNwrkNemrJTUPgy8XvBR=w224-h298-k-no-pi-10-ya140-ro0-fo100
ChIJLRhilH4V0i0Rez5UbFcCNm4,Hidden Canyon Beji Guwang,All,https://lh5.googleusercontent.com/p/AF1QipN1s4MEjLHasuAMYUriyoR-HeW6aE5B9WITVgFh=w531-h298-k-no
ChIJLRhilH4V0i0Rez5UbFcCNm4,Hidden Canyon Beji Guwang,Latest,https://lh5.googleusercontent.com/p/AF1QipMuTmGIsPjMhRKBH-PFYT452YR6Hj2lik1P9zPs=w224-h497-k-no
ChIJLRhilH4V0i0Rez5UbFcCNm4,Hidden Canyon Beji Guwang,Videos,https://lh5.googleusercontent.com/p/AF1QipPR6v3nFDWxr6IdyQ_cxwZMjQDxuYxXVUhad7OO=w529-h298-k-no
ChIJLRhilH4V0i0Rez5UbFcCNm4,Hidden Canyon Beji Guwang,By owner,https://lh5.googleusercontent.com/p/AF1QipMnCEBWxeBcNoKb1svc9BxQaUHkPaoWLvmU67Xh=w224-h398-k-no
ChIJLRhilH4V0i0Rez5UbFcCNm4,Hidden Canyon Beji Guwang,Street View & 360deg,https://lh5.googleusercontent.com/p/AF1QipOxK0JA8QhHBOGew9K5TWJjPoXbKLJupXg21w1y=w224-h298-k-no-pi-10-ya133.00002-ro-0-fo100
ChIJQQrhbjUX0i0ReTctOJsyMLo,Taman Sari Waterfall & Natural pool,All,https://lh5.googleusercontent.com/p/AF1QipMR5CEy9Vb7AW5iPUeXSZCJ0iU3YAegakX6_iia=w240-h298-k-no
ChIJQQrhbjUX0i0ReTctOJsyMLo,Taman Sari Waterfall & Natural pool,Latest,https://lh5.googleusercontent.com/p/AF1QipOQ6aOtX_7S9W91fC516ENddcatXRgY3VjzgdhD=w529-h298-k-no
ChIJQQrhbjUX0i0ReTctOJsyMLo,Taman Sari Waterfall & Natural pool,Videos,https://lh5.googleusercontent.com/p/AF1QipMqRrbtA4Dxk1Ma_8OW9nUzZ8AXOu6BH1Bnsicb=w298-h298-k-no
ChIJQQrhbjUX0i0ReTctOJsyMLo,Taman Sari Waterfall & Natural pool,By owner,https://lh5.googleusercontent.com/p/AF1QipOZupiYeviUv17d0_GdYFQfB4f0qc6ASTHvtN-I=w238-h298-k-no
ChIJQQrhbjUX0i0ReTctOJsyMLo,Taman Sari Waterfall & Natural pool,Street View & 360deg,https://lh5.googleusercontent.com/p/AF1QipNbiMUCLxZgkiz1cls7bdoTfsMnRilcnSCW2B_o=w224-h298-k-no-pi-0-ya140-ro-0-fo100
ChIJNyp2FiCP0S0RNamdBru46Bg,Sekumpul Waterfall,All,https://lh5.googleusercontent.com/p/AF1QipOhCunBsxNIorXvlRgUc-E9GBYKW1Ym32aE_S00=w224-h298-k-no
ChIJNyp2FiCP0S0RNamdBru46Bg,Sekumpul Waterfall,Latest,https://lh5.googleusercontent.com/p/AF1QipNFyJ6453R4v2glfOzXEP6RS74LBfpXnhJO8wzZ=w224-h298-k-no
ChIJNyp2FiCP0S0RNamdBru46Bg,Sekumpul Waterfall,Videos,https://lh5.googleusercontent.com/p/AF1QipNue6NDCcz7lXc1uHBC08moQIuL2zaWvFk6he5c=w224-h398-k-no
ChIJNyp2FiCP0S0RNamdBru46Bg,Sekumpul Waterfall,Street View & 360deg,https://lh5.googleusercontent.com/p/AF1QipPr0jwMQvvTrT8fZzcX2Jzj0jhUtY-Tgu2eEFQo=w224-h298-k-no-pi-20-ya243-ro-0-fo100
ChIJeWk_HUE90i0RLtgaWympMSw,Ubud Water Palace,All,https://lh5.googleusercontent.com/p/AF1QipM2fzIU5RJ4L39FAfRDjvM_xqswrzw7yHp3Iabg=w529-h298-k-no
ChIJeWk_HUE90i0RLtgaWympMSw,Ubud Water Palace,Latest,https://lh5.googleusercontent.com/p/AF1QipNL1lwE9axjxqXpu6QAQL4_5xOMDpLQMvHT456d=w224-h298-k-no
ChIJeWk_HUE90i0RLtgaWympMSw,Ubud Water Palace,Videos,https://lh5.googleusercontent.com/p/AF1QipPwjg30QWk5ZJqrCIbLy7EA-PNfHIz47wPZqOPt=w224-h398-k-no
ChIJeWk_HUE90i0RLtgaWympMSw,Ubud Water Palace,Street View & 360deg,https://lh5.googleusercontent.com/p/AF1QipPZtQs-M_FEuU-a4T7NgK4FaPwg7MnrH-J8xHBF=w224-h298-k-no-pi-10-ya340-ro-0-fo100
ChIJf9ehV5pB0i0RNwxjWAJ05kU,Bali Exotic Marine Park,All,https://lh5.googleusercontent.com/p/AF1QipMpbms8y-Hx6k85FLl9-Xf6ds3Dn7BxxdeLltJ8=w447-h298-k-no
ChIJf9ehV5pB0i0RNwxjWAJ05kU,Bali Exotic Marine Park,Latest,https://lh5.googleusercontent.com/p/AF1QipOtVvWlM1qO6Sw_ot3b72PXQfNkIRSLsumsDnUR=w447-h298-k-no
ChIJf9ehV5pB0i0RNwxjWAJ05kU,Bali Exotic Marine Park,Videos,https://lh5.googleusercontent.com/p/AF1QipMRt6hhTVoAa6u2F7y3Z1v6J1W8dejOXkDhDe5E=w526-h298-k-no
ChIJf9ehV5pB0i0RNwxjWAJ05kU,Bali Exotic Marine Park,By owner,https://lh5.googleusercontent.com/p/AF1QipNkQFQtAiRDsl5g0MWXhvongD9CtDCy9uSk1RFI=w447-h298-k-no
ChIJf9ehV5pB0i0RNwxjWAJ05kU,Bali Exotic Marine Park,Street View & 360deg,https://streetviewpixels-pa.googleapis.com/v1/thumbnail?panoid=MiWSlUX9NAIwKz07kRdeBA&cb_client=maps_sv.tactile.gps&w=224&h=298&yaw=49.26546&pitch=0&thumbfov=100
ChIJAzxT71kf0i0RdZJCraQLT14,Lembah Bidadari,All,https://lh5.googleusercontent.com/p/AF1QipPFuNiVX0SMnXRfDSbM-GwpPHIEns9vw44LvcOO=w224-h298-k-no
ChIJAzxT71kf0i0RdZJCraQLT14,Lembah Bidadari,Latest,https://lh5.googleusercontent.com/p/AF1QipNdtNStzb2yJEjMQO1PN_Rkq9HcrGnvHkZVWgRF=w633-h298-k-no
ChIJAzxT71kf0i0RdZJCraQLT14,Lembah Bidadari,Videos,https://lh5.googleusercontent.com/p/AF1QipPQLvCWvZoDZRy0wv-8bTopMOxp8jCpRHgNk-_E=w224-h398-k-no
ChIJAzxT71kf0i0RdZJCraQLT14,Lembah Bidadari,By owner,https://lh5.googleusercontent.com/p/AF1QipP36d5mwRTmn2b6UIwnjLDZbqrpoBp33RIkkHzp=w447-h298-k-no
ChIJAzxT71kf0i0RdZJCraQLT14,Lembah Bidadari,Street View & 360deg,https://streetviewpixels-pa.googleapis.com/v1/thumbnail?panoid=WKJXd9o4UOriooc9-SVlMQ&cb_client=maps_sv.tactile.gps&w=224&h=298&yaw=180.32579&pitch=0&thumbfov=100
ChIJhYR21_NF0i0RSWVoEZ9-bc8,Bali Camel Adventure,All,https://lh5.googleusercontent.com/p/AF1QipMcaz6gnhy4Oy9DCqKLGeKXQgkLFZdd6LHLl-ME=w530-h298-k-no
ChIJhYR21_NF0i0RSWVoEZ9-bc8,Bali Camel Adventure,Latest,https://lh5.googleusercontent.com/p/AF1QipNPBGC3LH31n42gHTgXFn-IFnPVoocgnk8JVjap=w224-h397-k-no
ChIJhYR21_NF0i0RSWVoEZ9-bc8,Bali Camel Adventure,Videos,https://lh5.googleusercontent.com/p/AF1QipMp6cGKdyiY3fvyytQ4oQ_g_lhR2VXA5FftZ98h=w224-h398-k-no
ChIJhYR21_NF0i0RSWVoEZ9-bc8,Bali Camel Adventure,By owner,https://lh5.googleusercontent.com/p/AF1QipONwwfrj56yv-CNFpUZpCJG3MiLT6TplffpYq8Y=w224-h398-k-no
ChIJhYR21_NF0i0RSWVoEZ9-bc8,Bali Camel Adventure,Street View & 360deg,https://streetviewpixels-pa.googleapis.com/v1/thumbnail?panoid=8Z5AH-q4dfmVprh2oSU__g&cb_client=maps_sv.tactile.gps&w=224&h=298&yaw=217.7387&pitch=0&thumbfov=100
ChIJ723cqmwR0i0RlxUQK--WAks,Klungkung Royal Palace,All,https://lh5.googleusercontent.com/p/AF1QipPLIjQLhfGxG-minrVVdI2p_ipiQz1YsothNFiB=w397-h298-k-no
ChIJ723cqmwR0i0RlxUQK--WAks,Klungkung Royal Palace,Latest,https://lh5.googleusercontent.com/p/AF1QipOHPDysOo4Mr61M_G5IaQmrPH-JiKtKnrW7nQHB=w529-h298-k-no
ChIJ723cqmwR0i0RlxUQK--WAks,Klungkung Royal Palace,Videos,https://lh5.googleusercontent.com/p/AF1QipMF4NBqKOqrVSlJ_Nrtn9sCTa_udgnqZ9J6bEel=w529-h298-k-no
ChIJ723cqmwR0i0RlxUQK--WAks,Klungkung Royal Palace,Street View & 360deg,https://lh5.googleusercontent.com/p/AF1QipPMpZmxwddRidwaDvw2J0prr759dwTvYVFeFAvK=w224-h298-k-no-pi-23.508442-ya99.54972-ro-0-fo100
ChIJ9TZLexU90i0REmY1Mz24D9w,Bali Bird Walks,All,https://lh5.googleusercontent.com/p/AF1QipOj6z0lEj3R0WqyovCdoHhgRG3xiwyJ01rGw4qK=w224-h298-k-no
ChIJ9TZLexU90i0REmY1Mz24D9w,Bali Bird Walks,Latest,https://lh5.googleusercontent.com/p/AF1QipMSTxi7ll17GyP1LoTzVwuzU6o4B0U6ZAa00u0B=w224-h298-k-no
ChIJ9TZLexU90i0REmY1Mz24D9w,Bali Bird Walks,Videos,https://lh5.googleusercontent.com/p/AF1QipMqq6FkbC74ntFvQ3eHV0aVQcLXxapAZLgmRQfN=w529-h298-k-no
ChIJ9TZLexU90i0REmY1Mz24D9w,Bali Bird Walks,Street View & 360deg,https://streetviewpixels-pa.googleapis.com/v1/thumbnail?panoid=jz5tYyqdELgBhyzoimD2BQ&cb_client=maps_sv.tactile.gps&w=224&h=298&yaw=218.02396&pitch=0&thumbfov=100
ChIJa3Khjgw90i0Rlz1pgcp3WeY,Adi Bali Tour Official,All,https://lh5.googleusercontent.com/p/AF1QipN-SFfyn2KKnLwDq85Pt2rFjd20_AxoR3eXbYZP=w530-h298-k-no
ChIJa3Khjgw90i0Rlz1pgcp3WeY,Adi Bali Tour Official,By owner,https://lh5.googleusercontent.com/p/AF1QipOtYICkhXgFF3d-EqzoaB3TDQOi3Y66ETPR13Jl=w530-h298-k-no
ChIJa3Khjgw90i0Rlz1pgcp3WeY,Adi Bali Tour Official,Street View & 360deg,https://streetviewpixels-pa.googleapis.com/v1/thumbnail?panoid=EQQMEgAafLwraGevqetD8Q&cb_client=maps_sv.tactile.gps&w=224&h=298&yaw=300.09845&pitch=0&thumbfov=100
ChIJ4wD5Iwsi0i0R7QRsOGmJGo0,Ceking Rice Terrace,All,https://lh5.googleusercontent.com/p/AF1QipO3FWtD3zMyKA5JZC2xvxO2K1Z3VoiS3f2rZMMn=w397-h298-k-no
ChIJ4wD5Iwsi0i0R7QRsOGmJGo0,Ceking Rice Terrace,Latest,https://lh5.googleusercontent.com/p/AF1QipPe4ub0VY7MFYz89tNeDo-hjCL4EyXVkWK8b2Nf=w529-h298-k-no
ChIJ4wD5Iwsi0i0R7QRsOGmJGo0,Ceking Rice Terrace,Videos,https://lh5.googleusercontent.com/p/AF1QipOCTyfoOV9vb0jfitIcW51oiVr93Pq9EbJVQDbO=w529-h298-k-no
ChIJ4wD5Iwsi0i0R7QRsOGmJGo0,Ceking Rice Terrace,Arrozales,https://lh5.googleusercontent.com/p/AF1QipN8KGnDlivY1_Rbhu0d36JEJQ_SG-nuGn52b7G7=w224-h298-k-no
ChIJ4wD5Iwsi0i0R7QRsOGmJGo0,Ceking Rice Terrace,The Natural Terrace Rice Bali,https://lh5.googleusercontent.com/p/AF1QipPtDM8XN95dpkbd3ZibDRfyIAHnz4BMt3EPs6VT=w224-h298-k-no
ChIJ4wD5Iwsi0i0R7QRsOGmJGo0,Ceking Rice Terrace,By owner,https://lh5.googleusercontent.com/p/AF1QipNGxo-cMQg5inXnorj27GmZBclz1I0R9Ud55gWh=w529-h298-k-no
ChIJ4wD5Iwsi0i0R7QRsOGmJGo0,Ceking Rice Terrace,Street View & 360deg,https://lh5.googleusercontent.com/p/AF1QipPRDrwgPYvc0ef63Hywnr-DkO4TL308xzF90IGI=w224-h298-k-no-pi0-ya280-ro-0-fo100
ChIJkYHLIPxP0i0RlQTbpxuNuQw,Uluwatu Temple,All,https://lh5.googleusercontent.com/p/AF1QipM3NE7SwUbxFOOqvEk8y1nhvzwWD0FysnBWJTvP=w298-h298-k-no
ChIJkYHLIPxP0i0RlQTbpxuNuQw,Uluwatu Temple,Latest,https://lh5.googleusercontent.com/p/AF1QipNYzQ5h5pXLcP57WwPrPaCUbRYmwp8AfvvlqQgS=w529-h298-k-no
ChIJkYHLIPxP0i0RlQTbpxuNuQw,Uluwatu Temple,Videos,https://lh5.googleusercontent.com/p/AF1QipMe9huOOp4y89tsdCdnGG68dl8ZXZKjJdop6fo-=w529-h298-k-no
ChIJkYHLIPxP0i0RlQTbpxuNuQw,Uluwatu Temple,Dang Hyang Nirartha Statue,https://lh5.googleusercontent.com/p/AF1QipNWvmFsaui9fqoWhHwItwxGmtI60Zw3b6v1jq6O=w224-h298-k-no
ChIJkYHLIPxP0i0RlQTbpxuNuQw,Uluwatu Temple,By owner,https://lh5.googleusercontent.com/p/AF1QipN6LGlf1KwSHQPrmhey4eL4mQwQk-oH_qpdAuW3=w447-h298-k-no
ChIJkYHLIPxP0i0RlQTbpxuNuQw,Uluwatu Temple,Street View & 360deg,https://lh5.googleusercontent.com/p/AF1QipNbBmaD4utIUyfcmj5W84NCCHwD1J6kUjpa5wOT=w224-h298-k-no-pi-10-ya141.00002-ro0-fo100
ChIJYQy97hsW0i0RXgxBuN15rsE,Tegenungan Waterfall,All,https://lh5.googleusercontent.com/p/AF1QipP9qozzCbH1XA4qFZjKOtXZfUcfGn5pVPO68qIP=w397-h298-k-no
ChIJYQy97hsW0i0RXgxBuN15rsE,Tegenungan Waterfall,Latest,https://lh5.googleusercontent.com/p/AF1QipNHYyxLnSfoTvn1GW9YsehrwYDrJ2NhrUWYMAp6=w224-h398-k-no
ChIJYQy97hsW0i0RXgxBuN15rsE,Tegenungan Waterfall,Videos,https://lh5.googleusercontent.com/p/AF1QipNErsexehWxk9yezTWsgJHpGMKg2OgtfhYt6ISV=w529-h298-k-no
ChIJYQy97hsW0i0RXgxBuN15rsE,Tegenungan Waterfall,Omma Dayclub Bali,https://lh5.googleusercontent.com/p/AF1QipMMkDq-I4GQOWtfbZbTbYGxSz_oJrl76xDrzbWc=w224-h298-k-no
ChIJYQy97hsW0i0RXgxBuN15rsE,Tegenungan Waterfall,Street View & 360deg,https://lh5.googleusercontent.com/p/AF1QipNDIwnT4RKhWOXuayDrXy0Z02tVSrvXRsVpjbao=w224-h298-k-no-pi-0-ya324-ro-0-fo100
ChIJtTFh4PQY0i0RwewUdwFaolM,Pura Tirta Empul,All,https://lh5.googleusercontent.com/p/AF1QipPs95IL7XsZlvEY47REIDxtQ5NDiPPQSIyalK7H=w397-h298-k-no
ChIJtTFh4PQY0i0RwewUdwFaolM,Pura Tirta Empul,Latest,https://lh5.googleusercontent.com/p/AF1QipMpV4ra0f0j987acX9ZCwP4CzuMwTD5n7Np7qFd=w397-h298-k-no
ChIJtTFh4PQY0i0RwewUdwFaolM,Pura Tirta Empul,Videos,https://lh5.googleusercontent.com/p/AF1QipN4TI1n7VPeYUbbhI_vsOhjkHT-2siaks-2lqb0=w529-h298-k-no
ChIJtTFh4PQY0i0RwewUdwFaolM,Pura Tirta Empul,Pancoran Panglukatan Tirta Empul,https://lh5.googleusercontent.com/p/AF1QipPhEOWc8vHXmwq5NvVz89nOs1MM0l6BlMHdJwsW=w397-h298-k-no
ChIJtTFh4PQY0i0RwewUdwFaolM,Pura Tirta Empul,Panglukatan,https://lh5.googleusercontent.com/p/AF1QipPrOTJzpokSlp_PLQSduN82GP2tZhVzvWIBjtSF=w224-h298-k-no
ChIJtTFh4PQY0i0RwewUdwFaolM,Pura Tirta Empul,Fish pond,https://lh5.googleusercontent.com/p/AF1QipNB4_NwsnNQW5cH6aiJ4sB8GGXHXkIgu3HXV6qh=w397-h298-k-no
ChIJtTFh4PQY0i0RwewUdwFaolM,Pura Tirta Empul,By owner,https://lh5.googleusercontent.com/p/AF1QipMwX6FbS7kzpOoNwexydTGWgmUSLWEeEYokHMVZ=w529-h298-k-no
ChIJtTFh4PQY0i0RwewUdwFaolM,Pura Tirta Empul,Street View & 360deg,https://streetviewpixels-pa.googleapis.com/v1/thumbnail?panoid=8BtQVfCUqcpfCYti1__ehg&cb_client=maps_sv.tactile.gps&w=224&h=298&yaw=63.97468&pitch=6.5331697&thumbfov=100
ChIJL626sPVA0i0RLJoATqtQcfY,Bajra Sandhi Monument,All,https://lh5.googleusercontent.com/p/AF1QipP_Q4wTrQKmzNTvQa8MlV7wKy8EQC4na5DArGv3=w397-h298-k-no
ChIJL626sPVA0i0RLJoATqtQcfY,Bajra Sandhi Monument,Latest,https://lh5.googleusercontent.com/p/AF1QipOXtOSSw2yhG40dlZHU7_ePqo1aL8b-oO2JaiIi=w392-h298-k-no
ChIJL626sPVA0i0RLJoATqtQcfY,Bajra Sandhi Monument,Videos,https://lh5.googleusercontent.com/p/AF1QipOhLsAg0ocf0hgfN2g7xvZqb_yyHVimEs4wjh9K=w529-h298-k-no
ChIJL626sPVA0i0RLJoATqtQcfY,Bajra Sandhi Monument,Monument,https://lh5.googleusercontent.com/p/AF1QipNpcHLgRsaKTQmNuY0AXzq8V77AiqobLvrzegYk=w446-h298-k-no
ChIJL626sPVA0i0RLJoATqtQcfY,Bajra Sandhi Monument,Street View & 360deg,https://streetviewpixels-pa.googleapis.com/v1/thumbnail?panoid=mwIeOq276JwWuS3iKbGr4Q&cb_client=maps_sv.tactile.gps&w=224&h=298&yaw=359.88745&pitch=-0.11254019&thumbfov=100
ChIJdegEep2P0S0RlyNNjuDZzE4,Banyumala Waterfall,All,https://lh5.googleusercontent.com/p/AF1QipN91Mb9ZpXsrkvI_YVciDw50j_8A3FWrVpkAgqs=w224-h298-k-no
ChIJdegEep2P0S0RlyNNjuDZzE4,Banyumala Waterfall,Latest,https://lh5.googleusercontent.com/p/AF1QipMp4YQV8f4yhNylupV9sKoaOKybZu5oFV7FMAR6=w224-h298-k-no
ChIJdegEep2P0S0RlyNNjuDZzE4,Banyumala Waterfall,Videos,https://lh5.googleusercontent.com/p/AF1QipMl97x2PNqi9m2lrfCcdc6_-G8NMvJTZsDvP8Ty=w529-h298-k-no
ChIJdegEep2P0S0RlyNNjuDZzE4,Banyumala Waterfall,By owner,https://lh5.googleusercontent.com/p/AF1QipP89k3MCrL0HUW1iStOGD-2YMuIwxWdueA2ahQc=w224-h298-k-no
ChIJdegEep2P0S0RlyNNjuDZzE4,Banyumala Waterfall,Street View & 360deg,https://lh5.googleusercontent.com/p/AF1QipNqYot8GrhK-ttpqlEJcBof0iNHYeYVkbMo4NEa=w224-h298-k-no-pi-24.427767-ya36.086327-ro-0-fo100
ChIJoQHcmv8X0i0RI6vXSuiyCOo,Kanto Lampo Waterfall,All,https://lh5.googleusercontent.com/p/AF1QipPY-WhkiscwjP1Cgcp28h0JrCNU9jSXmv98Ho66=w298-h298-k-no
ChIJoQHcmv8X0i0RI6vXSuiyCOo,Kanto Lampo Waterfall,Latest,https://lh5.googleusercontent.com/p/AF1QipPPH31ZsZp38X4SZYN0LebbzZlj9ZJ2NfCIqwsV=w224-h298-k-no
ChIJoQHcmv8X0i0RI6vXSuiyCOo,Kanto Lampo Waterfall,Videos,https://lh5.googleusercontent.com/p/AF1QipPwsSX-uk8VagCLkcvZEAOnj1oYrwnn6P4PjRaI=w224-h398-k-no
ChIJoQHcmv8X0i0RI6vXSuiyCOo,Kanto Lampo Waterfall,By owner,https://lh5.googleusercontent.com/p/AF1QipOwJ0_vf0e-UFTOVmMadgnP1suB-T88K40eH3zU=w224-h398-k-no
ChIJoQHcmv8X0i0RI6vXSuiyCOo,Kanto Lampo Waterfall,Street View & 360deg,https://lh5.googleusercontent.com/p/AF1QipMaOIfXAQjRwvVc_DsOqnXKt-5VD34MKkpG2FKy=w224-h298-k-no-pi0-ya34.00001-ro-0-fo100
ChIJ898S6_NH0i0RjAk7QhnnNBM,Kuta Beach,All,https://lh5.googleusercontent.com/p/AF1QipOg481bMfF7Iz3ihz9jAsYHQM7eFwrsy6Xp5t9i=w528-h298-k-no
ChIJ898S6_NH0i0RjAk7QhnnNBM,Kuta Beach,Latest,https://lh5.googleusercontent.com/p/AF1QipNb2PfgRE58rn8OCB-I4Qk4sUtYbU9pP6cSjXV2=w224-h398-k-no
ChIJ898S6_NH0i0RjAk7QhnnNBM,Kuta Beach,Videos,https://lh5.googleusercontent.com/p/AF1QipNBlnScFH6_4-xjtaEVfDG3agIqpHKKpOZxomlZ=w529-h298-k-no
ChIJ898S6_NH0i0RjAk7QhnnNBM,Kuta Beach,By owner,https://lh5.googleusercontent.com/p/AF1QipNujh6P6cx-8DHfyvmREgS87FJgup5Kwjvlw656=w541-h298-k-no
ChIJL-o1GhJA0i0R5Abv31St2ck,"Bali Festival Park, Padang Galak",All,https://lh5.googleusercontent.com/p/AF1QipMoAPap4Jc2Tnc1W0WURXI3WnBNicDtsC_frx7m=w224-h298-k-no
ChIJL-o1GhJA0i0R5Abv31St2ck,"Bali Festival Park, Padang Galak",Latest,https://lh5.googleusercontent.com/p/AF1QipPKdpWoSocyBk3HeR8Anr9iLXpc3XwcoMy-xB3z=w224-h298-k-no
ChIJL-o1GhJA0i0R5Abv31St2ck,"Bali Festival Park, Padang Galak",Videos,https://lh5.googleusercontent.com/p/AF1QipMADy_v3-vjXCY5QG7LsujmjHhI24aM4c8bZWAL=w529-h298-k-no
ChIJL-o1GhJA0i0R5Abv31St2ck,"Bali Festival Park, Padang Galak",Street View & 360deg,https://lh5.googleusercontent.com/p/AF1QipPgfSVQ65dz4kGtwdO8OJWdxjg0na-FjrJ9aljf=w224-h298-k-no-pi-20-ya272-ro0-fo100
ChIJgxNvhqEX0i0R-6U9ogQJ_-k,Suwat Waterfall,All,https://lh5.googleusercontent.com/p/AF1QipPOupMDaCNtkMOochzzuGBIjahKns5FPx-Vq2VX=w530-h298-k-no
ChIJgxNvhqEX0i0R-6U9ogQJ_-k,Suwat Waterfall,Latest,https://lh5.googleusercontent.com/p/AF1QipNkhg4oBE13qytOjv9GqnasZurVcYk0PC-TVou-=w224-h298-k-no
ChIJgxNvhqEX0i0R-6U9ogQJ_-k,Suwat Waterfall,Videos,https://lh5.googleusercontent.com/p/AF1QipPRFpDEjkUBGDUEW2SGOfK4KcT8VoxstldMuAXh=w224-h398-k-no
ChIJgxNvhqEX0i0R-6U9ogQJ_-k,Suwat Waterfall,By owner,https://lh5.googleusercontent.com/p/AF1QipNEcInmsyO2TDa-h4aXnSFOzGHNc1mabIKAMxOw=w298-h298-k-no
ChIJgxNvhqEX0i0R-6U9ogQJ_-k,Suwat Waterfall,Street View & 360deg,https://lh5.googleusercontent.com/p/AF1QipPBC-GQw0TFugW4PAojl4cv45EXWoVJ6k7l_iXU=w224-h298-k-no-pi-0.112540185-ya239.88745-ro0-fo100
ChIJVS_QJn960i0R3Pt_ZCHo0Eo,Guyangan Waterfall Nusa Penida,All,https://lh5.googleusercontent.com/p/AF1QipM8_IyZY4BJxzg7hXJA473-pjKnqe1tHVYPEjLx=w224-h298-k-no
ChIJVS_QJn960i0R3Pt_ZCHo0Eo,Guyangan Waterfall Nusa Penida,Latest,https://lh5.googleusercontent.com/p/AF1QipMKSLccSRuQ8rJ6SffP4tzdmROVgpyeUeb414_7=w224-h298-k-no
ChIJVS_QJn960i0R3Pt_ZCHo0Eo,Guyangan Waterfall Nusa Penida,Videos,https://lh5.googleusercontent.com/p/AF1QipNCg3UnGDhpWL8I4zHQeue_CvOnFleWbRMTVoTW=w224-h398-k-no
ChIJVS_QJn960i0R3Pt_ZCHo0Eo,Guyangan Waterfall Nusa Penida,Street View & 360deg,https://lh5.googleusercontent.com/p/AF1QipMMa26QrDmRjDMD3ENL4zKmpypGp69DgtWKBhi8=w224-h298-k-no-pi-0-ya48-ro-0-fo100
ChIJ5QwsEDrV0y0RLIItzr4Vztk,Bunut Bolong,All,https://lh5.googleusercontent.com/p/AF1QipPVKjeKXoXd3sWN3_MEJaNr2qkBFPmjSI3rgsuv=w447-h298-k-no
ChIJ5QwsEDrV0y0RLIItzr4Vztk,Bunut Bolong,Latest,https://lh5.googleusercontent.com/p/AF1QipPuJhSZ9KBy4IUkL6hs2cdV5wdj8T83Xs9pig1B=w224-h298-k-no
ChIJ5QwsEDrV0y0RLIItzr4Vztk,Bunut Bolong,Videos,https://lh5.googleusercontent.com/p/AF1QipPMtYwaQI0iafYVjXsuwruDXx0z0tF4b15HL7yB=w224-h398-k-no
ChIJ5QwsEDrV0y0RLIItzr4Vztk,Bunut Bolong,By owner,https://lh5.googleusercontent.com/p/AF1QipMVN_KTmsws4ISRwnKciv6cQtdu6vga9TXR8uhk=w447-h298-k-no
ChIJ5QwsEDrV0y0RLIItzr4Vztk,Bunut Bolong,Street View & 360deg,https://lh5.googleusercontent.com/p/AF1QipPkcDBTsZ4s0NeomHZHTGk5oNtRPKpfBL8NneF_=w224-h298-k-no-pi0-ya300-ro0-fo100
ChIJ93viDd0X0i0RokCC4Z_TgDo,Sumampan Waterfall,All,https://lh5.googleusercontent.com/p/AF1QipOuDPJ083hicA1q9YTWIjcIwyZi2XoLpNgKF5PW=w298-h298-k-no
ChIJ93viDd0X0i0RokCC4Z_TgDo,Sumampan Waterfall,Latest,https://lh5.googleusercontent.com/p/AF1QipPhjnXiBuHLccntyWrJDjrAKrranM8m2Xkq8PQO=w224-h398-k-no
ChIJ93viDd0X0i0RokCC4Z_TgDo,Sumampan Waterfall,Videos,https://lh5.googleusercontent.com/p/AF1QipMdsbYZtnythRjZcw6rvmmVjaeo_XakmXcQyKhZ=w224-h398-k-no
ChIJ93viDd0X0i0RokCC4Z_TgDo,Sumampan Waterfall,By owner,https://lh5.googleusercontent.com/p/AF1QipOvzMKDfQqwQQQvEbYdTUnF_Kg4fF6jjMfn_8I_=w447-h298-k-no
ChIJH3iCz9cZ0i0R2xCtNwxvhO0,Manuaba Waterfall,All,https://lh5.googleusercontent.com/p/AF1QipMSD98hXakN_tcZnSh9hywDV-p1sumv9dpqgMWQ=w397-h298-k-no
ChIJH3iCz9cZ0i0R2xCtNwxvhO0,Manuaba Waterfall,Latest,https://lh5.googleusercontent.com/p/AF1QipPSQN8DmdaMr6_zLrLqCYoZyNcc1hwpngR0TmMD=w224-h298-k-no
ChIJH3iCz9cZ0i0R2xCtNwxvhO0,Manuaba Waterfall,Videos,https://lh5.googleusercontent.com/p/AF1QipNWFbjYx5tFwejOwRAtVciggdoNdEW2vss6BDI_=w224-h398-k-no
ChIJH3iCz9cZ0i0R2xCtNwxvhO0,Manuaba Waterfall,Street View & 360deg,https://streetviewpixels-pa.googleapis.com/v1/thumbnail?panoid=INfD-94cLUHzBgBCxb0PqA&cb_client=maps_sv.tactile.gps&w=224&h=298&yaw=52.29889&pitch=0&thumbfov=100
ChIJZ7s1gUIj0i0RpJe0WNaJmLw,Pengempu Waterfall,All,https://lh5.googleusercontent.com/p/AF1QipOT9VeWj8WVq3ofbupqaI0pNr8Z9x0GTHRKPsgp=w224-h298-k-no
ChIJZ7s1gUIj0i0RpJe0WNaJmLw,Pengempu Waterfall,Latest,https://lh5.googleusercontent.com/p/AF1QipODpqBgE-9H6ky2uIYv5KPFhX8pH5Nk1QzAs7hU=w224-h397-k-no
ChIJZ7s1gUIj0i0RpJe0WNaJmLw,Pengempu Waterfall,Videos,https://lh5.googleusercontent.com/p/AF1QipP56X29LYUZ1s1b3HdCffAx3X5Oa8MhXiQhAXb-=w224-h398-k-no
ChIJZ7s1gUIj0i0RpJe0WNaJmLw,Pengempu Waterfall,Street View & 360deg,https://lh5.googleusercontent.com/p/AF1QipNCYGwG_isaxsbSKq3DkUrjSoKsL8PbYu1D4r-B=w224-h298-k-no-pi-20-ya347.99997-ro-0-fo100
ChIJv_tYCBIX0i0Rn_MGS2i_Kpc,Goa Rang Reng Waterfall,All,https://lh5.googleusercontent.com/p/AF1QipPBx8ODUIDC8h_stnkzPreeFpGhaOIZIoL6DpKg=w397-h298-k-no
ChIJv_tYCBIX0i0Rn_MGS2i_Kpc,Goa Rang Reng Waterfall,Latest,https://lh5.googleusercontent.com/p/AF1QipNPG-NYtZ7T65mM_4GyU_8SEqzoWq0Pp2LkY6Pt=w224-h398-k-no
ChIJv_tYCBIX0i0Rn_MGS2i_Kpc,Goa Rang Reng Waterfall,Videos,https://lh5.googleusercontent.com/p/AF1QipNrg66ZQrbyrIUJm1u55oF37S_Bi6m0O9VZszLR=w224-h398-k-no
ChIJv_tYCBIX0i0Rn_MGS2i_Kpc,Goa Rang Reng Waterfall,Street View & 360deg,https://lh5.googleusercontent.com/p/AF1QipNQP3o1QDysilS-fdYPTy-Mr6vUNw2ias1sLqBN=w224-h298-k-no-pi0-ya180-ro0-fo100
ChIJRSElPXYR0i0R-l62epaUmSw,Bukit Belong,All,https://lh5.googleusercontent.com/p/AF1QipPnkQxKjm8Cy2czHpD9wt0HHQTlAFpKE5FJrKeo=w397-h298-k-no
ChIJRSElPXYR0i0R-l62epaUmSw,Bukit Belong,Latest,https://lh5.googleusercontent.com/p/AF1QipOrg83btOq6Ic_SlF0Q94B8LVBNbQYu30ucefjF=w450-h298-k-no
ChIJRSElPXYR0i0R-l62epaUmSw,Bukit Belong,Videos,https://lh5.googleusercontent.com/p/AF1QipOHO_a0_GdLdLVSNT_oL72VE9VEDfH13fOfsVDn=w529-h298-k-no
ChIJRSElPXYR0i0R-l62epaUmSw,Bukit Belong,By owner,https://lh5.googleusercontent.com/p/AF1QipOPq12odghg-_IAf5XdHts2Ko2u-m3xCxn1ETA6=w662-h298-k-no
ChIJRSElPXYR0i0R-l62epaUmSw,Bukit Belong,Street View & 360deg,https://lh5.googleusercontent.com/p/AF1QipOo2vqzDY7kPIBwEexod13dVOFiLWoi12E6Fqua=w224-h298-k-no-pi-10-ya66.00001-ro-0-fo100
ChIJp-dTCRMf0i0R0zepJIG49Fw,Tangkup Waterfall,All,https://lh5.googleusercontent.com/p/AF1QipPud5aI8ndY_tUrT6w1I6zR005zZU8qLA0mnhsZ=w224-h298-k-no
ChIJp-dTCRMf0i0R0zepJIG49Fw,Tangkup Waterfall,Latest,https://lh5.googleusercontent.com/p/AF1QipM8H_Fg6g08lLEY6LY5kGW4UjDy9mR3ndP25zmx=w397-h298-k-no
ChIJp-dTCRMf0i0R0zepJIG49Fw,Tangkup Waterfall,Videos,https://lh5.googleusercontent.com/p/AF1QipPuP7Bu41qzGo9vcuqDeotkv5yC9HVV4r3ykk9F=w224-h398-k-no
ChIJCaEpSAuH0S0RtyY9wJ0oVr8,Blahmantung Waterfall,All,https://lh5.googleusercontent.com/p/AF1QipPk_cw-Hg-oLCqQZqTnwK_XKjKQ1Hkd70fgUj1E=w238-h298-k-no
ChIJCaEpSAuH0S0RtyY9wJ0oVr8,Blahmantung Waterfall,Videos,https://lh5.googleusercontent.com/p/AF1QipNM2UPqrT1pCo6P3EkmnN_NLiF2GlRKImvXLPF8=w224-h398-k-no
